No,Date,DateOfWeek,TotalNetSales,Forecast,Variance (Net Sales - Last Year)
1,08/03/2021,Mon,695.57,650,695.57
2,09/03/2021,Tue,1051.06,650,1051.06
3,10/03/2021,Wed,1374.82,700,1374.82
4,11/03/2021,Thu,1127.37,750,1127.37
5,12/03/2021,Fri,2737.95,2000,2737.95
6,13/03/2021,Sat,2113.2,1700,2113.2
7,14/03/2021,Sun,1332.44,650,1332.44
8,15/03/2021,Mon,869.83,0,-1604.69
9,16/03/2021,Tue,1031.25,0,-811.71
10,17/03/2021,Wed,851.82,0,-1191.88
11,18/03/2021,Thu,1326.16,0,-618.59
12,19/03/2021,Fri,2241.63,0,-1141.37
13,20/03/2021,Sat,2001.49,0,-4223.55
14,21/03/2021,Sun,735.53,0,-2525.54
15,22/03/2021,Mon,995.96,700,-671.8
16,23/03/2021,Tue,1017.33,800,-835.77
17,24/03/2021,Wed,1307.75,850,-795.3
18,25/03/2021,Thu,1180.37,900,-925.65
19,26/03/2021,Fri,2970.9,3000,-158.79
20,27/03/2021,Sat,2251.07,2000,-2721.96
21,28/03/2021,Sun,472.41,650,-2526.96
22,29/03/2021,Mon,723.68,750,-707.29
23,30/03/2021,Tue,893.86,750,-792.03
24,31/03/2021,Wed,1491.5,750,-289.86
25,01/04/2021,Thu,2068.92,850,-256.17
26,02/04/2021,Fri,977.6,999,-2132.37
27,03/04/2021,Sat,1566.17,2000,-3687.03
28,04/04/2021,Sun,0,0,-2806.17
29,05/04/2021,Mon,871.02,700,-499.64
30,06/04/2021,Tue,1249.5,800,-886.12
31,07/04/2021,Wed,1193.79,800,-1322.13
32,08/04/2021,Thu,1317.83,850,-902.51
33,09/04/2021,Fri,2742.24,2850,-674.74
34,10/04/2021,Sat,2375.77,2500,-3532.65
35,11/04/2021,Sun,440.67,550,-2017
36,12/04/2021,Mon,1631.17,900,90.72
37,13/04/2021,Tue,1492.42,850,-211.45
38,14/04/2021,Wed,1681.87,900,-1042.51
39,15/04/2021,Thu,1707.52,1000,-547.21
40,16/04/2021,Fri,2618.8,3000,-389.61
41,17/04/2021,Sat,2250.84,2850,-3153.72
42,18/04/2021,Sun,961.15,650,-1934.92
43,19/04/2021,Mon,1292.41,1200,-746.5
44,20/04/2021,Tue,1076.31,1200,-536.12
45,21/04/2021,Wed,1065.99,1200,-759.61
46,22/04/2021,Thu,1546.24,1400,-1046.85
47,23/04/2021,Fri,2751.33,2500,-1647.94
48,24/04/2021,Sat,2526.58,2000,-3737.13
49,25/04/2021,Sun,1148.76,800,-1734.63
50,26/04/2021,Mon,1000.4,1300,-2396.86
51,27/04/2021,Tue,1109.5,1400,-2263.34
52,28/04/2021,Wed,1975.04,1500,-2493.9
53,29/04/2021,Thu,1359.67,1500,-3155.48
54,30/04/2021,Fri,3283.01,2850,-1178.66
55,01/05/2021,Sat,3367.69,2300,-2107.8
56,02/05/2021,Sun,845.58,850,-2032.42
57,03/05/2021,Mon,2589.41,1400,447.28
58,04/05/2021,Tue,814.3,1200,-1285.79
59,05/05/2021,Wed,1289.83,1250,-952.31
60,06/05/2021,Thu,1505.74,1500,-732.11
61,07/05/2021,Fri,2520.01,2850,-1399.41
62,08/05/2021,Sat,3052.19,2499,-3237.96
63,09/05/2021,Sun,953.33,800,-2235.09
64,10/05/2021,Mon,759.44,1200,-1084.38
65,11/05/2021,Tue,998.91,1100,-1004.4
66,12/05/2021,Wed,1359.38,1300,-762.34
67,13/05/2021,Thu,1429.29,1400,-909.86
68,14/05/2021,Fri,2761.48,2750,-485.84
69,15/05/2021,Sat,2798.14,2500,-2617.51
70,16/05/2021,Sun,1339.46,800,-1964.98
71,17/05/2021,Mon,2118.92,2500,933.34
72,18/05/2021,Tue,2255.63,2500,846.74
73,19/05/2021,Wed,2713.71,2500,1069.98
74,20/05/2021,Thu,3019.6,2800,1043.05
75,21/05/2021,Fri,5420.47,3500,2817.46
76,22/05/2021,Sat,5407.81,6500,1141.8
77,23/05/2021,Sun,2603.24,2500,-239.29
78,24/05/2021,Mon,2716.83,2500,1690.78
79,25/05/2021,Tue,2377.33,2500,1364.75
80,26/05/2021,Wed,2661.54,2500,1811.66
81,27/05/2021,Thu,2882.54,2850,1981.75
82,28/05/2021,Fri,5789.69,3750,4478.27
83,29/05/2021,Sat,4955.62,6850,4145.92
84,30/05/2021,Sun,1784.58,3000,1403.15
85,31/05/2021,Mon,2949.36,3500,2949.36
86,01/06/2021,Tue,2686.77,2850,2686.77
87,02/06/2021,Wed,3311.22,2800,3311.22
88,03/06/2021,Thu,3547.22,3000,3547.22
89,04/06/2021,Fri,3650.97,4500,3650.97
90,05/06/2021,Sat,4080.44,5850,4080.44
91,06/06/2021,Sun,1855.65,2700,1855.65
92,07/06/2021,Mon,1971.61,2500,1971.61
93,08/06/2021,Tue,1597.16,2500,1597.16
94,09/06/2021,Wed,2165.1,2500,2165.1
95,10/06/2021,Thu,2073.78,2850,2073.78
96,11/06/2021,Fri,3812.14,4500,3812.14
97,12/06/2021,Sat,4007.34,5500,4007.34
98,13/06/2021,Sun,1349.09,2900,1349.09
99,14/06/2021,Mon,1223.39,2000,1223.39
100,15/06/2021,Tue,1848.13,1900,1848.13
101,16/06/2021,Wed,1435.63,2000,1435.63
102,17/06/2021,Thu,3879.67,2000,3879.67
103,18/06/2021,Fri,3965.59,3000,3965.59
104,19/06/2021,Sat,5165.3,4500,5165.3
105,20/06/2021,Sun,3380.8,2900,3380.8
106,21/06/2021,Mon,1272.06,2000,1272.06
107,22/06/2021,Tue,2078.34,1900,2078.34
108,23/06/2021,Wed,2075.34,2500,2075.34
109,24/06/2021,Thu,3240.89,2600,3240.89
110,25/06/2021,Fri,4528.16,4000,4528.16
111,26/06/2021,Sat,5299.85,5000,5299.85
112,27/06/2021,Sun,2791.41,3000,2791.41
113,28/06/2021,Mon,2990.55,2200,2990.55
114,29/06/2021,Tue,2603.53,2000,2603.53
115,30/06/2021,Wed,3297.11,2500,3297.11
116,01/07/2021,Thu,2950.13,2700,2950.13
117,02/07/2021,Fri,4131.4,4500,4131.4
118,03/07/2021,Sat,5814.83,5000,5814.83
119,04/07/2021,Sun,3035.89,3000,3035.89
120,05/07/2021,Mon,2828.43,2500,2828.43
121,06/07/2021,Tue,2714.48,2500,2714.48
122,07/07/2021,Wed,2630.77,2500,2630.77
123,08/07/2021,Thu,2897.49,2650,2897.49
124,09/07/2021,Fri,4003.73,4000,4003.73
125,10/07/2021,Sat,6167.47,5000,6167.47
126,11/07/2021,Sun,3275.24,3000,3275.24
127,12/07/2021,Mon,1553.7,2500,1553.7
128,13/07/2021,Tue,2948.74,2300,2948.74
129,14/07/2021,Wed,2202.05,2600,2202.05
130,15/07/2021,Thu,2593.65,2850,2593.65
131,16/07/2021,Fri,3425.17,3850,3425.17
132,17/07/2021,Sat,3732.45,5000,3732.45
133,18/07/2021,Sun,1585.59,3000,1585.59
134,19/07/2021,Mon,2506.71,2500,2506.71
135,20/07/2021,Tue,2167.18,2500,2167.18
136,21/07/2021,Wed,3216.06,2650,3216.06
137,22/07/2021,Thu,3002.01,2700,3002.01
138,23/07/2021,Fri,3808.06,4000,3808.06
139,24/07/2021,Sat,5409.34,5500,5409.34
140,25/07/2021,Sun,3290.16,3000,3290.16
141,26/07/2021,Mon,2762.8,2600,2762.8
142,27/07/2021,Tue,4178.59,2600,4178.59
143,28/07/2021,Wed,3585.03,3000,3585.03
144,29/07/2021,Thu,4045.41,3000,4045.41
145,30/07/2021,Fri,4995.01,3500,4995.01
146,31/07/2021,Sat,5750.72,5000,5750.72
147,01/08/2021,Sun,3408.25,3200,3408.25
148,02/08/2021,Mon,2304.99,2500,2304.99
149,03/08/2021,Tue,3003.24,2500,3003.24
150,04/08/2021,Wed,2796.28,2650,2796.28
151,05/08/2021,Thu,4084.95,2700,4084.95
152,06/08/2021,Fri,3406.39,3500,3406.39
153,07/08/2021,Sat,5638.91,5000,5638.91
154,08/08/2021,Sun,3708.4,3000,3708.4
155,09/08/2021,Mon,2630.83,2800,2630.83
156,10/08/2021,Tue,2636.24,2800,2636.24
157,11/08/2021,Wed,2310.18,3200,2310.18
158,12/08/2021,Thu,2961.97,3800,2961.97
159,13/08/2021,Fri,3380.33,4100,3380.33
160,14/08/2021,Sat,2880.47,5200,2880.47
161,15/08/2021,Sun,2974.08,3000,2974.08
162,16/08/2021,Mon,3324.72,2500,3324.72
163,17/08/2021,Tue,3166.59,2500,3166.59
164,18/08/2021,Wed,3248.48,2800,3248.48
165,19/08/2021,Thu,3207.53,3000,3207.53
166,20/08/2021,Fri,4239.89,4000,4239.89
167,21/08/2021,Sat,4057.83,5000,4057.83
168,22/08/2021,Sun,2769.21,2800,2769.21
169,23/08/2021,Mon,2722,2500,2722
170,24/08/2021,Tue,2687.84,2500,2687.84
171,25/08/2021,Wed,3743.08,2500,3743.08
172,26/08/2021,Thu,3158.89,2850,3158.89
173,27/08/2021,Fri,2468.57,4000,2468.57
174,28/08/2021,Sat,6460.22,5500,6460.22
175,29/08/2021,Sun,3369.73,3000,3369.73
176,30/08/2021,Mon,3579.73,4000,3579.73
177,31/08/2021,Tue,3605.51,3000,3605.51
178,01/09/2021,Wed,3163.92,3000,3163.92
179,02/09/2021,Thu,3054.34,3000,3054.34
180,03/09/2021,Fri,3685.71,4000,3685.71
181,04/09/2021,Sat,5263.4,5000,5263.4
182,05/09/2021,Sun,1732.01,2500,1732.01
183,06/09/2021,Mon,2979,2500,2979
184,07/09/2021,Tue,1679.54,2000,1679.54
185,08/09/2021,Wed,2439.53,2000,2439.53
186,09/09/2021,Thu,2108.38,2850,2108.38
187,10/09/2021,Fri,3276.55,3500,3276.55
188,11/09/2021,Sat,5187.52,5500,5187.52
189,12/09/2021,Sun,3157.22,3000,3157.22
190,13/09/2021,Mon,1783.92,2000,1783.92
191,14/09/2021,Tue,1872.49,2000,1872.49
192,15/09/2021,Wed,2095.93,2500,2095.93
193,16/09/2021,Thu,2309.78,2700,2309.78
194,17/09/2021,Fri,3404.12,3300,3404.12
195,18/09/2021,Sat,6221.65,5000,6221.65
196,19/09/2021,Sun,3392.37,3000,3392.37
197,20/09/2021,Mon,1065.93,2000,1065.93
198,21/09/2021,Tue,2132.36,2000,2132.36
199,22/09/2021,Wed,2266.54,2250,2266.54
200,23/09/2021,Thu,2038.03,2800,2038.03
201,24/09/2021,Fri,3379.39,3500,3379.39
202,25/09/2021,Sat,5308.98,5000,5308.98
203,26/09/2021,Sun,3490.29,3000,3490.29
204,27/09/2021,Mon,2749.88,2200,2749.88
205,28/09/2021,Tue,2837.24,2000,2837.24
206,29/09/2021,Wed,2219.79,2500,2219.79
207,30/09/2021,Thu,3327.27,2800,3327.27
208,01/10/2021,Fri,4015.74,3800,4015.74
209,02/10/2021,Sat,5868.56,5250,5868.56
210,03/10/2021,Sun,3882.72,3000,3882.72
211,04/10/2021,Mon,2374.94,2000,2374.94
212,05/10/2021,Tue,2599.13,1900,2599.13
213,06/10/2021,Wed,2669.32,2500,2669.32
214,07/10/2021,Thu,2770.79,2750,2770.79
215,08/10/2021,Fri,3207.61,3300,3207.61
216,09/10/2021,Sat,5934.66,6000,5934.66
217,10/10/2021,Sun,3196.94,3300,3196.94
218,11/10/2021,Mon,1283.13,2000,1283.13
219,12/10/2021,Tue,2550.04,2200,2550.04
220,13/10/2021,Wed,2605.94,2500,859.16
221,14/10/2021,Thu,2806.12,2600,565.85
222,15/10/2021,Fri,3711.2,3000,1853.55
223,16/10/2021,Sat,5858.57,5200,3721.86
224,17/10/2021,Sun,2928.04,3000,1489.42
225,18/10/2021,Mon,2205.03,2000,-839.51
226,19/10/2021,Tue,2485.4,2200,-529.29
227,20/10/2021,Wed,2490.01,2500,-418.47
228,21/10/2021,Thu,2675.82,2600,142.42
229,22/10/2021,Fri,3428.81,3500,-176.7
230,23/10/2021,Sat,5667,5500,1053.84
231,24/10/2021,Sun,3040.85,4000,476.39
232,25/10/2021,Mon,3390.82,2000,-55.79
233,26/10/2021,Tue,3872.5,2500,269.64
234,27/10/2021,Wed,4125.43,3000,651.09
235,28/10/2021,Thu,3372.59,3000,555.27
236,29/10/2021,Fri,4387.89,3800,1149.17
237,30/10/2021,Sat,5266.62,5800,-63.37
238,31/10/2021,Sun,3239.63,3400,885.47
239,01/11/2021,Mon,2926.69,2000,-900.51
240,02/11/2021,Tue,2330.76,2000,-1445.75
241,03/11/2021,Wed,2412.74,2500,-1593.71
242,04/11/2021,Thu,2396.5,2700,-1545.03
243,05/11/2021,Fri,3135.85,3300,-1514.44
244,06/11/2021,Sat,5006.44,5000,-247.91
245,07/11/2021,Sun,2762.3,3000,322.43
246,08/11/2021,Mon,396.31,1400,-2920.27
247,09/11/2021,Tue,1283.73,1400,-1920.9
248,10/11/2021,Wed,1193.31,1400,-2342.88
249,11/11/2021,Thu,1413.48,1400,-1699.31
250,12/11/2021,Fri,1728.17,2500,-1788.28
251,13/11/2021,Sat,4433.58,4000,48.04
252,14/11/2021,Sun,3260.37,2500,503.42
253,15/11/2021,Mon,1655.95,2000,-748.74
254,16/11/2021,Tue,1368.02,2000,-471.04
255,17/11/2021,Wed,1443.1,2000,-1028.17
256,18/11/2021,Thu,1480.05,2500,-974.17
257,19/11/2021,Fri,3888.34,3000,623.62
258,20/11/2021,Sat,5052.68,5000,-363.07
259,21/11/2021,Sun,3137.03,3000,1024.68
260,22/11/2021,Mon,2561.75,2000,919.77
261,23/11/2021,Tue,2232.46,2000,432.23
262,24/11/2021,Wed,2117.05,2000,184.63
263,25/11/2021,Thu,1801.11,2500,238.6
264,26/11/2021,Fri,2701.97,4200,85.64
265,27/11/2021,Sat,4818.05,5300,673.11
266,28/11/2021,Sun,2987.56,3000,867.46
267,29/11/2021,Mon,2789.6,2000,1050.38
268,30/11/2021,Tue,2903.66,1500,902.26
269,01/12/2021,Wed,2602.86,2200,647.63
270,02/12/2021,Thu,0,0,-2055.69
271,03/12/2021,Fri,0,0,-3139.4
272,04/12/2021,Sat,0,0,-3999.33
273,05/12/2021,Sun,0,0,-1946.92
274,06/12/2021,Mon,0,0,-2077.71
275,07/12/2021,Tue,0,0,-2051.62
276,08/12/2021,Wed,0,0,-2491.96
277,09/12/2021,Thu,0,0,-2109.36
278,10/12/2021,Fri,0,0,-3802.3
279,11/12/2021,Sat,0,0,-5870.27
280,12/12/2021,Sun,0,0,-3106.16
281,13/12/2021,Mon,4882.77,3000,2731.52
282,14/12/2021,Tue,3655.04,3000,2136.54
283,15/12/2021,Wed,3244.1,3000,1659.66
284,16/12/2021,Thu,4550.66,3000,2935.93
285,17/12/2021,Fri,4806.24,3800,1173.03
286,18/12/2021,Sat,5733.23,5800,-103.32
287,19/12/2021,Sun,3125.01,3000,582.51
288,20/12/2021,Mon,4433.09,4500,2336.81
289,21/12/2021,Tue,5180.99,3000,3526.1
290,22/12/2021,Wed,5349.45,3500,3603.87
291,23/12/2021,Thu,4484.19,4000,2783.52
292,24/12/2021,Fri,2102.98,3000,-1214.05
293,25/12/2021,Sat,0,0,-4683.48
294,26/12/2021,Sun,0,0,-2224.76
295,27/12/2021,Mon,3619.09,3000,1818.11
296,28/12/2021,Tue,2713.05,3000,616.35
297,29/12/2021,Wed,4887.28,3000,2158.5
298,30/12/2021,Thu,5361.07,3000,2865.89
299,31/12/2021,Fri,3021.6,3000,-986.9
300,01/01/2022,Sat,0,0,-5193.12
301,02/01/2022,Sun,4136.71,3000,1306.1
302,03/01/2022,Mon,4442.95,3000,767.48
303,04/01/2022,Tue,2668.34,3000,-1153.82
304,05/01/2022,Wed,2571.25,3000,-1564.36
305,06/01/2022,Thu,2187.66,3500,-2053.52
306,07/01/2022,Fri,4363.75,4000,-506.28
307,08/01/2022,Sat,5631.62,5000,652.63
308,09/01/2022,Sun,2836.86,3000,-497.02
309,10/01/2022,Mon,2182.58,0,-1573.32
310,11/01/2022,Tue,2265.58,0,-1821.14
311,12/01/2022,Wed,2661.43,0,-1494.24
312,13/01/2022,Thu,2475.06,0,2475.06
313,14/01/2022,Fri,3135.23,0,3135.23
314,15/01/2022,Sat,4934.14,0,4934.14
315,16/01/2022,Sun,2752.59,0,2752.59
316,17/01/2022,Mon,2052.3,2250,2052.3
317,18/01/2022,Tue,1919.11,2250,1919.11
318,19/01/2022,Wed,2182.22,2500,2182.22
319,20/01/2022,Thu,2762.56,2800,2762.56
320,21/01/2022,Fri,4277.76,4500,4277.76
321,22/01/2022,Sat,6104.12,6500,6104.12
322,23/01/2022,Sun,3061.94,3000,3061.94
323,24/01/2022,Mon,1616.01,2000,1616.01
324,25/01/2022,Tue,2184.41,2000,2184.41
325,26/01/2022,Wed,2657.44,2000,2657.44
326,27/01/2022,Thu,2819.19,2400,2819.19
327,28/01/2022,Fri,4156.11,3500,4156.11
328,29/01/2022,Sat,8196.69,5000,8196.69
329,30/01/2022,Sun,3233.05,2400,3233.05
330,31/01/2022,Mon,2060.85,2000,2060.85
331,01/02/2022,Tue,2752.08,2200,2752.08
332,02/02/2022,Wed,2514.41,2300,2514.41
333,03/02/2022,Thu,2671.22,2500,2671.22
334,04/02/2022,Fri,3846.56,3700,3846.56
335,05/02/2022,Sat,5510.66,6000,5510.66
336,06/02/2022,Sun,3186.73,2800,3186.73
337,07/02/2022,Mon,2089.39,2000,1306.54
338,08/02/2022,Tue,1916.01,2100,914.4
339,09/02/2022,Wed,2704.34,2500,1643.87
340,10/02/2022,Thu,2514.27,2600,912.51
341,11/02/2022,Fri,4706.5,4200,3175.06
342,12/02/2022,Sat,6917.74,6500,5302.25
343,13/02/2022,Sun,3763.38,3100,3102.54
344,14/02/2022,Mon,3884.23,3000,2734.89
345,15/02/2022,Tue,2712.25,2300,1285.13
346,16/02/2022,Wed,2913.1,3000,1675.3
347,17/02/2022,Thu,2382.09,3000,1506.74
348,18/02/2022,Fri,2311.81,4500,457.01
349,19/02/2022,Sat,4807.33,7000,2906.92
350,20/02/2022,Sun,3284.21,3500,2096.27
351,21/02/2022,Mon,3875.67,3800,2842.5
352,22/02/2022,Tue,4404.63,3800,2965.15
353,23/02/2022,Wed,5484.34,4000,3772.37
354,24/02/2022,Thu,5742.14,4200,4012.64
355,25/02/2022,Fri,5776.89,4500,3118.56
356,26/02/2022,Sat,5890.58,6800,3420.5
357,27/02/2022,Sun,2872.13,3300,1936.58
358,28/02/2022,Mon,3022.67,2300,1468.07
359,01/03/2022,Tue,2324.68,2400,628.28
360,02/03/2022,Wed,2905.89,2600,940.06
361,03/03/2022,Thu,2764.14,2600,1712.46
362,04/03/2022,Fri,3892.16,4400,3892.16
363,05/03/2022,Sat,6505.2,6500,5471.6
364,06/03/2022,Sun,3129.47,3400,2220.25
365,07/03/2022,Mon,2324.3,2100,1608.13
366,08/03/2022,Tue,2024.98,2200,973.92
367,09/03/2022,Wed,2696.81,2600,1321.99
368,10/03/2022,Thu,2570.58,2800,1443.21
369,11/03/2022,Fri,4342.23,4700,1604.28
370,12/03/2022,Sat,6221.24,6500,4108.04
371,13/03/2022,Sun,3142.93,3400,1810.49
372,14/03/2022,Mon,1967.66,2000,1097.83
373,15/03/2022,Tue,1977.68,2000,946.43
374,16/03/2022,Wed,3084.49,2500,2232.67
375,17/03/2022,Thu,1930.59,2500,604.43
376,18/03/2022,Fri,3551.9,4500,1310.27
377,19/03/2022,Sat,4442.27,6500,2440.78
378,20/03/2022,Sun,2635.43,3300,1899.9
379,21/03/2022,Mon,1452.35,2000,456.39
380,22/03/2022,Tue,1821.01,2100,803.68
381,23/03/2022,Wed,2693.38,2600,1385.63
382,24/03/2022,Thu,2432.94,2600,1252.57
383,25/03/2022,Fri,3377.83,4400,406.93
384,26/03/2022,Sat,5532.13,7000,3281.06
385,27/03/2022,Sun,2453.36,3500,1980.95
386,28/03/2022,Mon,2387.55,2000,1663.87
387,29/03/2022,Tue,2190.25,2200,1296.39
388,30/03/2022,Wed,2651.42,2600,1159.92
389,31/03/2022,Thu,2866.98,2600,798.06
390,01/04/2022,Fri,3919.41,4400,2941.81
391,02/04/2022,Sat,6180.67,6500,4614.5
392,03/04/2022,Sun,3159.94,3400,3159.94
393,04/04/2022,Mon,2799.19,2200,1928.17
394,05/04/2022,Tue,2793.03,2200,1543.53
395,06/04/2022,Wed,2346.16,2600,1152.37
396,07/04/2022,Thu,2870.49,2800,1552.66
397,08/04/2022,Fri,4560.6,4300,1818.36
398,09/04/2022,Sat,5908.2,6500,3532.43
399,10/04/2022,Sun,2567.19,3300,2126.52
400,11/04/2022,Mon,3268.31,3800,1637.14
401,12/04/2022,Tue,3461.55,3200,1969.13
402,13/04/2022,Wed,3746.02,3200,2064.15
403,14/04/2022,Thu,3730.69,3200,2023.17
404,15/04/2022,Fri,3620.61,3400,1001.81
405,16/04/2022,Sat,3403.89,5800,1153.05
406,17/04/2022,Sun,0,0,-961.15
407,18/04/2022,Mon,3931.32,2800,2638.91
408,19/04/2022,Tue,2144.16,3200,1067.85
409,20/04/2022,Wed,2771.61,3200,1705.62
410,21/04/2022,Thu,3026.38,3200,1480.14
411,22/04/2022,Fri,3366.11,4000,614.78
412,23/04/2022,Sat,3589.75,5500,1063.17
413,24/04/2022,Sun,1815.82,3000,667.06
414,25/04/2022,Mon,1798.2,2300,797.8
415,26/04/2022,Tue,2185.81,2200,1076.31
416,27/04/2022,Wed,2789.34,2600,814.3
417,28/04/2022,Thu,2924.75,2800,1565.08
418,29/04/2022,Fri,3593.29,4300,310.28
419,30/04/2022,Sat,5348.94,5900,1981.25
420,01/05/2022,Sun,3637.96,3400,2792.38
421,02/05/2022,Mon,4055,3200,1465.59
422,03/05/2022,Tue,2065.66,2100,1251.36
423,04/05/2022,Wed,2571.98,2400,1282.15
424,05/05/2022,Thu,2492.23,2500,986.49
425,06/05/2022,Fri,3659.83,3200,1139.82
426,07/05/2022,Sat,4267.91,5500,1215.72
427,08/05/2022,Sun,1994.27,3000,1040.94
428,09/05/2022,Mon,2556.52,2300,1797.08
429,10/05/2022,Tue,2469.59,2250,1470.68
430,11/05/2022,Wed,3120.3,2600,1760.92
431,12/05/2022,Thu,2205.68,2800,776.39
432,13/05/2022,Fri,3926.66,4200,1165.18
433,14/05/2022,Sat,4343.51,5800,1545.37
434,15/05/2022,Sun,2872.69,3100,1533.23
435,16/05/2022,Mon,1807.9,2300,-311.02
436,17/05/2022,Tue,1594.82,2300,-660.81
437,18/05/2022,Wed,2384.05,2500,-329.66
438,19/05/2022,Thu,2573.61,2800,-445.99
439,20/05/2022,Fri,4266.61,3800,-1153.86
440,21/05/2022,Sat,5328.77,5200,-79.04
441,22/05/2022,Sun,2190.61,2800,-412.63
442,23/05/2022,Mon,2580.74,2300,-136.09
443,24/05/2022,Tue,1720.06,2250,-657.27
444,25/05/2022,Wed,2730.49,2800,68.95
445,26/05/2022,Thu,3429.8,2600,547.26
446,27/05/2022,Fri,4307.68,4300,-1482.01
447,28/05/2022,Sat,5121.33,5200,165.71
448,29/05/2022,Sun,3063.87,3000,1279.29
449,30/05/2022,Mon,4542.01,3800,1592.65
450,31/05/2022,Tue,3838.13,3700,1151.36
451,01/06/2022,Wed,4343.32,3800,1032.1
452,02/06/2022,Thu,3694.4,3300,147.18
453,03/06/2022,Fri,2460.68,3300,-1190.29
454,04/06/2022,Sat,4649.11,5000,568.67
455,05/06/2022,Sun,2875.13,2200,1019.48
456,06/06/2022,Mon,2161.8,3000,190.19
457,07/06/2022,Tue,1945.49,2300,348.33
458,08/06/2022,Wed,2493.27,2600,328.17
459,09/06/2022,Thu,2264.77,2800,190.99
460,10/06/2022,Fri,3433.74,4200,-378.4
461,11/06/2022,Sat,4917.98,5000,910.64
462,12/06/2022,Sun,2061.89,2600,712.8
463,13/06/2022,Mon,1652.66,2300,429.27
464,14/06/2022,Tue,2049.62,2300,201.49
465,15/06/2022,Wed,2197.6,2300,761.97
466,16/06/2022,Thu,1550.87,2400,-2328.8
467,17/06/2022,Fri,2640.1,3450,-1325.49
468,18/06/2022,Sat,6264.68,5000,1099.38
469,19/06/2022,Sun,3012.28,2500,-368.52
470,20/06/2022,Mon,1674.37,1958,402.31
471,21/06/2022,Tue,1989.29,2167,-89.05
472,22/06/2022,Wed,2791.82,2200,716.48
473,23/06/2022,Thu,2827.06,2000,-413.83
474,24/06/2022,Fri,3523.4,3800,-1004.76
475,25/06/2022,Sat,4814.39,5800,-485.46
476,26/06/2022,Sun,3472.86,2800,681.45
477,27/06/2022,Mon,2465.83,2000,-524.72
478,28/06/2022,Tue,2048,1900,-555.53
479,29/06/2022,Wed,2615.19,2600,-681.92
480,30/06/2022,Thu,2926.12,2811.58,-24.01
481,01/07/2022,Fri,3467.09,3800,-664.31
482,02/07/2022,Sat,6340.55,5500,525.72
483,03/07/2022,Sun,2874.53,2500,-161.36
484,04/07/2022,Mon,1732.81,2299,-1095.62
485,05/07/2022,Tue,1830.48,2100,-884
486,06/07/2022,Wed,1741.59,2500,-889.18
487,07/07/2022,Thu,2555.85,2500,-341.64
488,08/07/2022,Fri,3029.35,3600,-974.38
489,09/07/2022,Sat,3830.75,5100,-2336.72
490,10/07/2022,Sun,1841.1,3000,-1434.14
491,11/07/2022,Mon,1667.24,1886,113.54
492,12/07/2022,Tue,1982.06,1880,-966.68
493,13/07/2022,Wed,1941.48,2100,-260.57
494,14/07/2022,Thu,3015.86,2402,422.21
495,15/07/2022,Fri,2967.72,3200,-457.45
496,16/07/2022,Sat,3764.86,3800,32.41
497,17/07/2022,Sun,2275.07,2300,689.48
498,18/07/2022,Mon,2317.27,1800,-189.44
499,19/07/2022,Tue,1876.18,1900,-291
500,20/07/2022,Wed,2303.85,2075,-912.21
501,21/07/2022,Thu,3242.93,2500,240.92
502,22/07/2022,Fri,3705.62,3400,-102.44
503,23/07/2022,Sat,4767.22,4800,-642.12
504,24/07/2022,Sun,2699.09,2648,-591.07
505,25/07/2022,Mon,2099.88,2800,-662.92
506,26/07/2022,Tue,2652.55,3200,-1526.04
507,27/07/2022,Wed,2713,3300,-872.03
508,28/07/2022,Thu,3102.03,3700,-943.38
509,29/07/2022,Fri,3347.9,3800,-1647.11
510,30/07/2022,Sat,5056.59,5000,-694.13
511,31/07/2022,Sun,3013.7,2900,-394.55
512,01/08/2022,Mon,1989.11,2800,-315.88
513,02/08/2022,Tue,3276.71,2800,273.47
514,03/08/2022,Wed,2965.28,2700,169
515,04/08/2022,Thu,3277.91,3000,-807.04
516,05/08/2022,Fri,2537.32,3600,-869.07
517,06/08/2022,Sat,3647.58,5100,-1991.33
518,07/08/2022,Sun,1985.67,2907,-1722.73
519,08/08/2022,Mon,1843.79,1900,-787.04
520,09/08/2022,Tue,2425.32,2000,-210.92
521,10/08/2022,Wed,2166.04,2300,-144.14
522,11/08/2022,Thu,2432.96,2500,-529.01
523,12/08/2022,Fri,3006.17,2800,-374.16
524,13/08/2022,Sat,3486.07,3600,605.6
525,14/08/2022,Sun,2377.51,2600,-596.57
526,15/08/2022,Mon,2956.58,2025,-368.14
527,16/08/2022,Tue,3430.1,2800,263.51
528,17/08/2022,Wed,3746.46,3000,497.98
529,18/08/2022,Thu,3859.64,2845,652.11
530,19/08/2022,Fri,3219.47,3267,-1020.42
531,20/08/2022,Sat,4082.11,4800,24.28
532,21/08/2022,Sun,2482.19,2461,-287.02
533,22/08/2022,Mon,3286.63,2400,564.63
534,23/08/2022,Tue,2717.06,2800,29.22
535,24/08/2022,Wed,3460.13,2800,-282.95
536,25/08/2022,Thu,4106,3200,947.11
537,26/08/2022,Fri,3407.42,3700,938.85
538,27/08/2022,Sat,4090.57,4800,-2369.65
539,28/08/2022,Sun,2326.44,2900,-1043.29
540,29/08/2022,Mon,3589.18,3600,9.45
541,30/08/2022,Tue,2827.11,3200,-778.4
542,31/08/2022,Wed,3625.87,3200,461.95
543,01/09/2022,Thu,2818.3,3200,-236.04
544,02/09/2022,Fri,3107.69,3500,-578.02
545,03/09/2022,Sat,5850.15,4300,586.75
546,04/09/2022,Sun,2211.83,2000,479.82
547,05/09/2022,Mon,2397.68,2800,-581.32
548,06/09/2022,Tue,2096.53,1800,416.99
549,07/09/2022,Wed,3002.56,2300,563.03
550,08/09/2022,Thu,2007.91,2300,-100.47
551,09/09/2022,Fri,3159.33,3400,-117.22
552,10/09/2022,Sat,5626.23,4600,438.71
553,11/09/2022,Sun,1931.74,2800,-1225.48
554,12/09/2022,Mon,1867.67,2200,83.75
555,13/09/2022,Tue,1920.91,2000,48.42
556,14/09/2022,Wed,2013.54,2500,-82.39
557,15/09/2022,Thu,2286.09,2600,-23.69
558,16/09/2022,Fri,3488.83,3600,84.71
559,17/09/2022,Sat,5599.37,5500,-622.28
560,18/09/2022,Sun,2962.08,3000,-430.29
561,19/09/2022,Mon,0,0,-1065.93
562,20/09/2022,Tue,1716.38,2000,-415.98
563,21/09/2022,Wed,1818.51,2500,-448.03
564,22/09/2022,Thu,2291.86,2800,253.83
565,23/09/2022,Fri,3352.16,3400,-27.23
566,24/09/2022,Sat,3613.98,5500,-1695
567,25/09/2022,Sun,2854.91,3000,-635.38
568,26/09/2022,Mon,2113.33,2200,-636.55
569,27/09/2022,Tue,2509.81,2250,-327.43
570,28/09/2022,Wed,2666.01,2600,446.22
571,29/09/2022,Thu,2826.66,2800,-500.61
572,30/09/2022,Fri,3842.41,4000,-173.33
573,01/10/2022,Sat,6927.55,5800,1058.99
574,02/10/2022,Sun,3321.73,3200,-560.99
575,03/10/2022,Mon,2083.35,2000,-291.59
576,04/10/2022,Tue,2034.4,2200,-564.73
577,05/10/2022,Wed,2123.79,2500,-545.53
578,06/10/2022,Thu,1867.69,2800,-903.1
579,07/10/2022,Fri,3722.29,3600,514.68
580,08/10/2022,Sat,6628.61,5800,693.95
581,09/10/2022,Sun,3077.18,3000,-119.76
582,10/10/2022,Mon,2056.83,2050,773.7
583,11/10/2022,Tue,2008.82,2200,-541.22
584,12/10/2022,Wed,2110.7,2650,-495.24
585,13/10/2022,Thu,2649.69,2700,-156.43
586,14/10/2022,Fri,4129.45,3700,418.25
587,15/10/2022,Sat,6432.37,6000,573.8
588,16/10/2022,Sun,3263.26,3100,335.22
589,17/10/2022,Mon,2277.95,2100,72.92
590,18/10/2022,Tue,1488.82,2100,-996.58
591,19/10/2022,Wed,2769.31,2500,279.3
592,20/10/2022,Thu,2917.88,2600,242.06
593,21/10/2022,Fri,5361.63,3700,1932.82
594,22/10/2022,Sat,5830.82,6800,163.82
595,23/10/2022,Sun,3193.26,3100,152.41
596,24/10/2022,Mon,3700.84,3700,310.02
597,25/10/2022,Tue,4848.85,4100,976.35
598,26/10/2022,Wed,4320.51,4100,195.08
599,27/10/2022,Thu,5067.76,4000,1695.17
600,28/10/2022,Fri,5166.6,4500,778.71
601,29/10/2022,Sat,5866.68,6400,600.06
602,30/10/2022,Sun,3322.11,3200,82.48
603,31/10/2022,Mon,2696.52,2700,-230.17
604,01/11/2022,Tue,3775.87,2200,1445.11
605,02/11/2022,Wed,3029.06,2600,616.32
606,03/11/2022,Thu,3122.97,2600,726.47
607,04/11/2022,Fri,4573.93,3800,1438.08
608,05/11/2022,Sat,6067.8,6600,1061.36
609,06/11/2022,Sun,3827.75,3200,1065.45
610,07/11/2022,Mon,2626.47,2200,2230.16
611,08/11/2022,Tue,3296.45,2300,2012.72
612,09/11/2022,Wed,3196.49,2800,2003.18
613,10/11/2022,Thu,3213.11,2800,1799.63
614,11/11/2022,Fri,5557.03,4100,3828.86
615,12/11/2022,Sat,7097.54,6700,2663.96
616,13/11/2022,Sun,3353.91,3200,110.22
617,14/11/2022,Mon,2561.1,2600,905.15
618,15/11/2022,Tue,3217.58,2600,1849.56
619,16/11/2022,Wed,3493.81,2800,2050.71
620,17/11/2022,Thu,3382.08,3000,1902.03
621,18/11/2022,Fri,5108.02,4500,1219.68
622,19/11/2022,Sat,7353.9,6300,2301.22
623,20/11/2022,Sun,3265.35,3400,128.32
624,21/11/2022,Mon,3303.14,2700,741.39
625,22/11/2022,Tue,2749.03,3200,516.57
626,23/11/2022,Wed,3861.42,3200,1744.37
627,24/11/2022,Thu,4218.63,3400,2417.52
628,25/11/2022,Fri,5384.37,5200,2682.4
629,26/11/2022,Sat,6771.93,7000,1953.88
630,27/11/2022,Sun,2958.8,3300,-28.76
631,28/11/2022,Mon,3929.8,2800,1140.2
632,29/11/2022,Tue,3286.12,3300,382.46
633,30/11/2022,Wed,4609.81,3500,2006.95
634,01/12/2022,Thu,4667.77,3500,4667.77
635,02/12/2022,Fri,5561.75,5000,5561.75
636,03/12/2022,Sat,7607.91,7300,7607.91
637,04/12/2022,Sun,3491.93,3500,3491.93
638,05/12/2022,Mon,4495.64,3200,4495.64
639,06/12/2022,Tue,4219.04,3200,4219.04
640,07/12/2022,Wed,4517.99,3800,4517.99
641,08/12/2022,Thu,5172.62,4000,5172.62
642,09/12/2022,Fri,5883.47,5500,5883.47
643,10/12/2022,Sat,5878.57,6500,5878.57
644,11/12/2022,Sun,4113.42,3400,4113.42
645,12/12/2022,Mon,4652.57,3800,-230.2
646,13/12/2022,Tue,5010.87,3500,1355.83
647,14/12/2022,Wed,5214.57,4500,1970.47
648,15/12/2022,Thu,6578.73,4600,2028.07
649,16/12/2022,Fri,7219.86,6000,2413.62
650,17/12/2022,Sat,8226.98,8000,2493.75
651,18/12/2022,Sun,3797.51,3400,672.5
652,19/12/2022,Mon,7459.32,5200,3026.23
653,20/12/2022,Tue,5426.49,5500,245.5
654,21/12/2022,Wed,7081.52,5800,1732.07
655,22/12/2022,Thu,6578.27,5800,2082.18
656,23/12/2022,Fri,7367.2,5500,5264.22
657,24/12/2022,Sat,2723.42,3000,2723.42
658,25/12/2022,Sun,0,0,0
659,26/12/2022,Mon,0,0,-3619.09
660,27/12/2022,Tue,6321.82,5000,3608.77
661,28/12/2022,Wed,6835.99,6500,1948.71
662,29/12/2022,Thu,7229.97,6500,1868.9
663,30/12/2022,Fri,8023.36,6500,5001.76
664,31/12/2022,Sat,4349.7,5000,4349.7
665,01/01/2023,Sun,0,0,-4136.71
666,02/01/2023,Mon,5021.62,5800,578.67
667,03/01/2023,Tue,3113.63,2800,445.29
668,04/01/2023,Wed,3112.32,2800,541.07
669,05/01/2023,Thu,2604.86,2800,417.2
670,06/01/2023,Fri,3816.5,4500,-547.25
671,07/01/2023,Sat,7500.92,6500,1869.3
672,08/01/2023,Sun,3930.12,3000,1093.26
673,09/01/2023,Mon,2180.05,2500,-2.53
674,10/01/2023,Tue,2352.19,2600,86.61
675,11/01/2023,Wed,2560.75,2800,-100.68
676,12/01/2023,Thu,2228.26,2800,-246.8
677,13/01/2023,Fri,3897.46,4200,762.23
678,14/01/2023,Sat,7831.14,6200,2897
679,15/01/2023,Sun,3316.68,3100,564.09
680,16/01/2023,Mon,2359.16,2300,306.86
681,17/01/2023,Tue,2564.87,2300,645.76
682,18/01/2023,Wed,2203.24,2600,21.02
683,19/01/2023,Thu,2638.04,2800,-124.52
684,20/01/2023,Fri,3883.92,4400,-393.84
685,21/01/2023,Sat,7383.4,6800,1279.28
686,22/01/2023,Sun,3211.77,3200,149.83
687,23/01/2023,Mon,1835.85,2300,219.84
688,24/01/2023,Tue,2016.09,2300,-168.32
689,25/01/2023,Wed,2637.25,2700,-20.19
690,26/01/2023,Thu,2144.57,2800,-674.62
691,27/01/2023,Fri,3865.08,4600,-291.03
692,28/01/2023,Sat,8131.86,8000,-64.83
693,29/01/2023,Sun,3505.51,3500,272.46
694,30/01/2023,Mon,2052.02,2100,-8.83
695,31/01/2023,Tue,2404.23,2400,-347.85
696,01/02/2023,Wed,3408.26,2500,893.85
697,02/02/2023,Thu,2709.76,2500,38.54
698,03/02/2023,Fri,4222.51,3700,375.95
699,04/02/2023,Sat,6745.76,7500,1235.1
700,05/02/2023,Sun,3507.72,3400,320.99
701,06/02/2023,Mon,1939.25,2100,-150.14
702,07/02/2023,Tue,2411.69,2000,495.68
703,08/02/2023,Wed,2247.42,2600,-456.92
704,09/02/2023,Thu,2352,2600,-162.27
705,10/02/2023,Fri,4684.48,4500,-22.02
706,11/02/2023,Sat,5823.35,7500,-1094.39
707,12/02/2023,Sun,2993.89,3400,-769.49
708,13/02/2023,Mon,3359.88,4000,-524.35
709,14/02/2023,Tue,4662.41,5500,1950.16
710,15/02/2023,Wed,3330.06,4500,416.96
711,16/02/2023,Thu,3676.56,4500,1294.47
712,17/02/2023,Fri,5774.56,5000,3462.75
713,18/02/2023,Sat,5969.88,5700,1162.55
714,19/02/2023,Sun,2204.37,3000,-1079.84
715,20/02/2023,Mon,2838.21,2200,-1037.46
716,21/02/2023,Tue,2318,2400,-2086.63
717,22/02/2023,Wed,3089.88,2500,-2394.46
718,23/02/2023,Thu,3355.09,2500,-2387.05
719,24/02/2023,Fri,4745.96,3800,-1030.93
720,25/02/2023,Sat,6512.13,7000,621.55
721,26/02/2023,Sun,2843.76,3300,-28.37
722,27/02/2023,Mon,2576.46,2300,-446.21
723,28/02/2023,Tue,2866,2400,541.32
724,01/03/2023,Wed,2685.7,2600,-220.19
725,02/03/2023,Thu,3038.2,3300,274.06
726,03/03/2023,Fri,4746.87,4000,854.71
727,04/03/2023,Sat,7781.73,7000,1276.53
728,05/03/2023,Sun,3317.03,3200,187.56
729,06/03/2023,Mon,2412.21,2350,87.91
730,07/03/2023,Tue,2405.39,2450,380.41
731,08/03/2023,Wed,2216.23,2600,-480.58
732,09/03/2023,Thu,3243.76,2600,673.18
733,10/03/2023,Fri,4197.98,4400,-144.25
734,11/03/2023,Sat,7167.85,6600,946.61
735,12/03/2023,Sun,3485.52,3000,342.59
736,13/03/2023,Mon,2449.98,2000,482.32
737,14/03/2023,Tue,2240.33,2300,262.65
738,15/03/2023,Wed,4009.54,3300,925.05
739,16/03/2023,Thu,4040.21,3300,2109.62
740,17/03/2023,Fri,4342.02,3800,790.12
741,18/03/2023,Sat,6485.92,6300,2043.65
742,19/03/2023,Sun,2776.24,3200,139.81
743,20/03/2023,Mon,2695.36,2300,1243.01
744,21/03/2023,Tue,1736.33,2400,-84.68
745,22/03/2023,Wed,2680.62,2800,-12.76
746,23/03/2023,Thu,2292.77,3000,-140.17
747,24/03/2023,Fri,4184.42,4500,806.59
748,25/03/2023,Sat,7815.47,6800,2283.34
749,26/03/2023,Sun,3304.36,3200,851
750,27/03/2023,Mon,2518.13,2400,130.58
751,28/03/2023,Tue,2992.27,2400,802.02
752,29/03/2023,Wed,3472.47,2900,821.05
753,30/03/2023,Thu,3191.68,3000,324.7
754,31/03/2023,Fri,4983.23,5000,1063.82
755,01/04/2023,Sat,7580.32,7500,1399.65
756,02/04/2023,Sun,3316.67,3400,156.73
757,03/04/2023,Mon,2802.49,4000,3.3
758,04/04/2023,Tue,3208.71,3200,415.68
759,05/04/2023,Wed,4484.98,3600,2138.82
760,06/04/2023,Thu,4305.82,3600,1435.33
761,07/04/2023,Fri,3266.96,3600,-1293.64
762,08/04/2023,Sat,3897.16,6500,-2011.04
763,09/04/2023,Sun,0,0,-2567.19
764,10/04/2023,Mon,4425.19,4500,1156.88
765,11/04/2023,Tue,3322.22,3800,-139.33
766,12/04/2023,Wed,4781.22,3800,1035.2
767,13/04/2023,Thu,3760.16,3800,29.47
768,14/04/2023,Fri,5495.01,4300,1874.4
769,15/04/2023,Sat,5274.42,6000,1870.53
770,16/04/2023,Sun,3569.17,2200,3569.17
771,17/04/2023,Mon,2411.29,2200,-1520.03
772,18/04/2023,Tue,2270.09,2200,125.93
773,19/04/2023,Wed,2490.58,2700,-281.03
774,20/04/2023,Thu,2609.24,2800,-417.14
775,21/04/2023,Fri,4304.74,4000,938.63
776,22/04/2023,Sat,6275.08,6200,2685.33
777,23/04/2023,Sun,3114.42,3300,1298.6
778,24/04/2023,Mon,2682.64,2200,884.44
779,25/04/2023,Tue,2153.72,2200,-32.09
780,26/04/2023,Wed,2349.05,2800,-440.29
781,27/04/2023,Thu,2988.12,3500,63.37
782,28/04/2023,Fri,4069.94,4800,476.65
783,29/04/2023,Sat,5985.34,6800,636.4
784,30/04/2023,Sun,4092.86,3500,454.9
785,01/05/2023,Mon,3899.62,4200,-155.38
786,02/05/2023,Tue,2012.37,3500,-53.29
787,03/05/2023,Wed,1715.99,2600,-855.99
788,04/05/2023,Thu,2298.19,2600,-194.04
789,05/05/2023,Fri,3135.38,4800,-524.45
790,06/05/2023,Sat,5994.7,5000,1726.79
791,07/05/2023,Sun,2411.38,3500,417.11
792,08/05/2023,Mon,5063.03,4000,2506.51
793,09/05/2023,Tue,2260.76,2190.54,-208.83
794,10/05/2023,Wed,2357.31,2617.28,-762.99
795,11/05/2023,Thu,2102.59,2878.1,-103.09
796,12/05/2023,Fri,2868.37,4254.68,-1058.29
797,13/05/2023,Sat,4750.64,5800,407.13
798,14/05/2023,Sun,3006.92,3200,134.23
799,15/05/2023,Mon,1921.11,2000,113.21
800,16/05/2023,Tue,1806.73,2000,211.91
801,17/05/2023,Wed,2398.86,2300,14.81
802,18/05/2023,Thu,2221.68,2500,-351.93
803,19/05/2023,Fri,3470.92,3800,-795.69
804,20/05/2023,Sat,4569.53,5600,-759.24
805,21/05/2023,Sun,1870.13,3000,-320.48
806,22/05/2023,Mon,2103.61,2400,-477.13
807,23/05/2023,Tue,1821.02,2000,100.96
808,24/05/2023,Wed,1762.61,2300,-967.88
809,25/05/2023,Thu,2721.44,2300,-708.36
810,26/05/2023,Fri,3171.9,3800,-1135.78
811,27/05/2023,Sat,3613.55,4800,-1507.78
812,28/05/2023,Sun,1754.37,2400,-1309.5
813,29/05/2023,Mon,4140.98,4000,-401.03
814,30/05/2023,Tue,2549.2,3400,-1288.93
815,31/05/2023,Wed,4327.2,3300,-16.12
816,01/06/2023,Thu,3135.27,3300,-559.13
817,02/06/2023,Fri,3347.36,3600,886.68
818,03/06/2023,Sat,3880.45,4500,-768.66
819,04/06/2023,Sun,1806,2800,-1069.13
820,05/06/2023,Mon,1643.03,2200,-518.77
821,06/06/2023,Tue,2519.62,2000,574.13
822,07/06/2023,Wed,2106.8,2300,-386.47
823,08/06/2023,Thu,1983.89,2300,-280.88
824,09/06/2023,Fri,2684.26,3600,-749.48
825,10/06/2023,Sat,4679.95,4500,-238.03
826,11/06/2023,Sun,3146.9,2500,1085.01
827,12/06/2023,Mon,2182.14,2000,529.48
828,13/06/2023,Tue,1798.48,2000,-251.14
829,14/06/2023,Wed,2164.56,2300,-33.04
830,15/06/2023,Thu,2544.14,2400,993.27
831,16/06/2023,Fri,3061.03,3300,420.93
832,17/06/2023,Sat,4744.82,4600,-1519.86
833,18/06/2023,Sun,2976.81,3000,-35.47
834,19/06/2023,Mon,1658.98,1923,-15.39
835,20/06/2023,Tue,2113.05,2194,123.76
836,21/06/2023,Wed,2449.38,2243,-342.44
837,22/06/2023,Thu,2552.13,2427,-274.93
838,23/06/2023,Fri,3337,3275,-186.4
839,24/06/2023,Sat,4934.98,4500,120.59
840,25/06/2023,Sun,2873.17,2800,-599.69
841,26/06/2023,Mon,2435.21,2117,-30.62
842,27/06/2023,Tue,2525.15,2250,477.15
843,28/06/2023,Wed,2603.75,2300,-11.44
844,29/06/2023,Thu,2636.07,2500,-290.05
845,30/06/2023,Fri,4308.55,3400,841.46
846,01/07/2023,Sat,6568.53,4900,227.98
847,02/07/2023,Sun,2728.67,3200,-145.86
848,03/07/2023,Mon,2476.38,2650,743.57
849,04/07/2023,Tue,2928.19,2650,1097.71
850,05/07/2023,Wed,4247.43,2850,2505.84
851,06/07/2023,Thu,4205.22,2850,1649.37
852,07/07/2023,Fri,3645.47,3600,616.12
853,08/07/2023,Sat,5436.78,5200,1606.03
854,09/07/2023,Sun,2753.86,3300,912.76
855,10/07/2023,Mon,2525.29,2800,858.05
856,11/07/2023,Tue,3121.61,3000,1139.55
857,12/07/2023,Wed,3235.33,3800,1293.85
858,13/07/2023,Thu,3269.65,3800,253.79
859,14/07/2023,Fri,5402.21,3800,2434.49
860,15/07/2023,Sat,5615.62,5300,1850.76
861,16/07/2023,Sun,2409.17,2800,134.1
862,17/07/2023,Mon,2128.17,2600,-189.1
863,18/07/2023,Tue,3077.21,2600,1201.03
864,19/07/2023,Wed,2878.3,3500,574.45
865,20/07/2023,Thu,2969.29,3500,-273.64
866,21/07/2023,Fri,4094.81,3800,389.19
867,22/07/2023,Sat,8432.26,5500,3665.04
868,23/07/2023,Sun,3552.78,2904.38,853.69
869,24/07/2023,Mon,3937.48,2800,1837.6
870,25/07/2023,Tue,2679.8,2809,27.25
871,26/07/2023,Wed,4214.12,3700,1501.12
872,27/07/2023,Thu,4806.94,3700,1704.91
873,28/07/2023,Fri,4456.16,4500,1108.26
874,29/07/2023,Sat,6840.6,6200,1784.01
875,30/07/2023,Sun,2803.47,3300,-210.23
876,31/07/2023,Mon,3940.47,3000,1951.36
877,01/08/2023,Tue,3208.88,3200,-67.83
878,02/08/2023,Wed,5046.46,3600,2081.18
879,03/08/2023,Thu,4624.91,3800,1347
880,04/08/2023,Fri,4112.03,4000,1574.71
881,05/08/2023,Sat,5875.83,6000,2228.25
882,06/08/2023,Sun,2965.47,3200,979.8
883,07/08/2023,Mon,3302.82,3000,1459.03
884,08/08/2023,Tue,3389.7,3095,964.38
885,09/08/2023,Wed,3169.78,3500,1003.74
886,10/08/2023,Thu,2800.7,3200,367.74
887,11/08/2023,Fri,3649.07,4200,642.9
888,12/08/2023,Sat,4903.64,4800,1417.57
889,13/08/2023,Sun,2606.16,2600,228.65
890,14/08/2023,Mon,3043.45,0,86.87
891,15/08/2023,Tue,2356.31,0,-1073.79
892,16/08/2023,Wed,2555.09,0,-1191.37
893,17/08/2023,Thu,2905.88,0,-953.76
894,18/08/2023,Fri,3760.2,0,540.73
895,19/08/2023,Sat,5094.15,0,1012.04
896,20/08/2023,Sun,2210.44,0,-271.75
897,21/08/2023,Mon,2544.11,0,-742.52
898,22/08/2023,Tue,2162.8,0,-554.26
899,23/08/2023,Wed,2824.15,0,-635.98
900,24/08/2023,Thu,1778.28,0,-2327.72
901,25/08/2023,Fri,3984.26,0,576.84
902,26/08/2023,Sat,4344.56,0,253.99
903,27/08/2023,Sun,2097.27,0,-229.17
904,28/08/2023,Mon,2365.38,0,-1223.8
905,29/08/2023,Tue,2375.8,0,-451.31
906,30/08/2023,Wed,3154.93,0,-470.94
907,31/08/2023,Thu,4508.29,0,1689.99
908,01/09/2023,Fri,3254.79,0,147.1
909,02/09/2023,Sat,3697.63,0,-2152.52
910,03/09/2023,Sun,2453.93,0,242.1
911,04/09/2023,Mon,2342.16,0,-55.52
912,05/09/2023,Tue,1755.31,0,-341.22
913,06/09/2023,Wed,1882.74,0,-1119.82
914,07/09/2023,Thu,1944.54,0,-63.37
915,08/09/2023,Fri,2461.71,0,-697.62
916,09/09/2023,Sat,3847.2,0,-1779.03
917,10/09/2023,Sun,2904.37,0,972.63
918,11/09/2023,Mon,1445.64,2269.63,-422.03
919,12/09/2023,Tue,1851.25,2201.16,-69.66
920,13/09/2023,Wed,2020.58,2210,7.04
921,14/09/2023,Thu,2238.07,2285,-48.02
922,15/09/2023,Fri,2798.05,3626.03,-690.78
923,16/09/2023,Sat,5909.15,5535.38,309.78
924,17/09/2023,Sun,3271.55,2812.06,309.47
925,18/09/2023,Mon,2111.46,2500,2111.46
926,19/09/2023,Tue,2371.6,2500,655.22
927,20/09/2023,Wed,2749.74,2800,931.23
928,21/09/2023,Thu,2045.98,2800,-245.88
929,22/09/2023,Fri,3527.87,3700,175.71
930,23/09/2023,Sat,6196.89,5500,2582.91
931,24/09/2023,Sun,3063.29,3200,208.38
932,25/09/2023,Mon,2420.86,2300,307.53
933,26/09/2023,Tue,1952.83,2500,-556.98
934,27/09/2023,Wed,2887.03,2600,221.02
935,28/09/2023,Thu,2369.87,2600,-456.79
936,29/09/2023,Fri,3368.48,3800,-473.93
937,30/09/2023,Sat,6316.84,6000,-610.71
938,01/10/2023,Sun,3466.83,3300,145.1
939,02/10/2023,Mon,2541.23,2200,457.88
940,03/10/2023,Tue,1887.23,2200,-147.17
941,04/10/2023,Wed,2182.86,2295.93,59.07
942,05/10/2023,Thu,2925.37,2300,1057.68
943,06/10/2023,Fri,3810.33,3800,88.04
944,07/10/2023,Sat,5638.88,6500,-989.73
945,08/10/2023,Sun,2675.64,3200,-401.54
946,09/10/2023,Mon,1573.42,0,-483.41
947,10/10/2023,Tue,1901.02,0,-107.8
948,11/10/2023,Wed,2101.91,0,-8.79
949,12/10/2023,Thu,2275.64,0,-374.05
950,13/10/2023,Fri,2480.26,0,-1649.19
951,14/10/2023,Sat,6419.69,0,-12.68
952,15/10/2023,Sun,2251.97,0,-1011.29
953,16/10/2023,Mon,1938.98,2400,-338.97
954,17/10/2023,Tue,1856.61,2000,367.79
955,18/10/2023,Wed,2255.04,2500,-514.27
956,19/10/2023,Thu,2363.72,2600,-554.16
957,20/10/2023,Fri,4359.05,4500,-1002.58
958,21/10/2023,Sat,6002.53,6100,171.71
959,22/10/2023,Sun,2831.48,3300,-361.78
960,23/10/2023,Mon,3542.34,3500,-158.5
961,24/10/2023,Tue,3233.46,4200,-1615.39
962,25/10/2023,Wed,3504.24,4200,-816.27
963,26/10/2023,Thu,3417.32,3800,-1650.44
964,27/10/2023,Fri,3843.38,4500,-1323.22
965,28/10/2023,Sat,5580.14,5500,-286.54
966,29/10/2023,Sun,3396.46,3000,74.35
967,30/10/2023,Mon,2254.62,2600,-441.9
968,31/10/2023,Tue,2067.35,3200,-1708.52
969,01/11/2023,Wed,3715.54,3000,686.48
970,02/11/2023,Thu,3429.75,3000,306.78
971,03/11/2023,Fri,4068.39,4300,-505.54
972,04/11/2023,Sat,5020.82,6000,-1046.98
973,05/11/2023,Sun,2562.87,3500,-1264.88
974,06/11/2023,Mon,1787.78,2600,-838.69
975,07/11/2023,Tue,2247.93,3000,-1048.52
976,08/11/2023,Wed,2622.75,3000,-573.74
977,09/11/2023,Thu,2733.38,3000,-479.73
978,10/11/2023,Fri,4226.74,5000,-1330.29
979,11/11/2023,Sat,6384.36,6800,-713.18
980,12/11/2023,Sun,3352.58,3300,-1.33
981,13/11/2023,Mon,3085.52,2500,524.42
982,14/11/2023,Tue,2578.79,2500,-638.79
983,15/11/2023,Wed,2960.47,3000,-533.34
984,16/11/2023,Thu,2994.56,3000,-387.52
985,17/11/2023,Fri,4255.32,4800,-852.7
986,18/11/2023,Sat,6278.38,6500,-1075.52
987,19/11/2023,Sun,2914.19,3300,-351.16
988,20/11/2023,Mon,2802.75,3000,-500.39
989,21/11/2023,Tue,2814.58,3000,65.55
990,22/11/2023,Wed,2910.03,3200,-951.39
991,23/11/2023,Thu,3441.23,3200,-777.4
992,24/11/2023,Fri,5145.02,4800,-239.35
993,25/11/2023,Sat,7272.67,6300,500.74
994,26/11/2023,Sun,3318.18,3300,359.38
995,27/11/2023,Mon,3210.4,3200,-719.4
996,28/11/2023,Tue,2760.13,3100,-525.99
997,29/11/2023,Wed,3460.22,3400,-1149.59
998,30/11/2023,Thu,3731.38,3600,-936.39
999,01/12/2023,Fri,4585.09,5000,-976.66
1000,02/12/2023,Sat,6843.67,7000,-764.24
1001,03/12/2023,Sun,2709.11,3300,-782.82
1002,04/12/2023,Mon,4096.53,3500,-399.11
1003,05/12/2023,Tue,2996.16,3400,-1222.88
1004,06/12/2023,Wed,4260.64,3500,-257.35
1005,07/12/2023,Thu,4099.23,4000,-1073.39
1006,08/12/2023,Fri,5612.04,5400,-271.43
1007,09/12/2023,Sat,7179.48,6500,1300.91
1008,10/12/2023,Sun,3864.9,3500,-248.52
1009,11/12/2023,Mon,3632.46,0,-1020.11
1010,12/12/2023,Tue,4280.71,0,-730.16
1011,13/12/2023,Wed,3678.07,0,-1536.5
1012,14/12/2023,Thu,3997.69,0,-2581.04
1013,15/12/2023,Fri,4629.47,0,-2590.39
1014,16/12/2023,Sat,6897.16,0,-1329.82
1015,17/12/2023,Sun,3433.63,0,-363.88
1016,18/12/2023,Mon,5047.05,5500,-2412.27
1017,19/12/2023,Tue,6448.99,4500,1022.5
1018,20/12/2023,Wed,5834.21,5300,-1247.31
1019,21/12/2023,Thu,6532.05,5300,-46.22
1020,22/12/2023,Fri,6062.11,5500,-1305.09
1021,23/12/2023,Sat,5131.88,7000,2408.46
1022,24/12/2023,Sun,1620.53,2000,1620.53
1023,25/12/2023,Mon,0,0,0
1024,26/12/2023,Tue,1896.77,3500,-4425.05
1025,27/12/2023,Wed,5950.02,5200,-885.97
1026,28/12/2023,Thu,5571.47,5400,-1658.5
1027,29/12/2023,Fri,6313.05,6000,-1710.31
1028,30/12/2023,Sat,6450.73,7000,2101.03
1029,31/12/2023,Sun,3357.47,2600,3357.47
1030,01/01/2024,Mon,18,0,-5003.62
1031,02/01/2024,Tue,2299.82,4200,-813.81
1032,03/01/2024,Wed,2755.99,3200,-356.33
1033,04/01/2024,Thu,2714.87,3200,110.01
1034,05/01/2024,Fri,4421.86,5000,605.36
1035,06/01/2024,Sat,6994.99,7000,-502.55
1036,07/01/2024,Sun,2933.45,3300,-996.67
1037,08/01/2024,Mon,1862.32,2200,-317.73
1038,09/01/2024,Tue,1753.98,2500,-598.21
1039,10/01/2024,Wed,2543.18,2800,-17.57
1040,11/01/2024,Thu,2391.83,2800,163.57
1041,12/01/2024,Fri,3351.85,4200,-545.61
1042,13/01/2024,Sat,7189.33,7700,-641.81
1043,14/01/2024,Sun,3413.49,3400,96.81
1044,15/01/2024,Mon,1811.62,2350,-547.54
1045,16/01/2024,Tue,1849.09,2200,-715.78
1046,17/01/2024,Wed,1727.03,2400,-476.21
1047,18/01/2024,Thu,2601.28,2600,-36.76
1048,19/01/2024,Fri,3295.73,3800,-588.19
1049,20/01/2024,Sat,6345.54,7500,-1037.86
1050,21/01/2024,Sun,2710.46,3300,-501.31
1051,22/01/2024,Mon,1514.85,1800,-321
1052,23/01/2024,Tue,1145.19,2000,-870.9
1053,24/01/2024,Wed,1882.68,2500,-754.57
1054,25/01/2024,Thu,2122.32,2200,-22.25
1055,26/01/2024,Fri,3799.35,4200,-65.73
1056,27/01/2024,Sat,5883.81,8000,-2248.05
1057,28/01/2024,Sun,3197.11,3400,-308.4
1058,29/01/2024,Mon,1897.2,2200,-154.82
1059,30/01/2024,Tue,1796.86,1800,-607.37
1060,31/01/2024,Wed,2955.37,2200,-452.89
1061,01/02/2024,Thu,1948.15,2300,-761.61
1062,02/02/2024,Fri,3604.8,3900,-617.71
1063,03/02/2024,Sat,7367.93,6500,622.17
1064,04/02/2024,Sun,3554.92,3200,47.2
1065,05/02/2024,Mon,1700.93,2000,-238.32
1066,06/02/2024,Tue,2868.81,2200,457.12
1067,07/02/2024,Wed,2680.22,2500,432.8
1068,08/02/2024,Thu,2379.76,2500,27.76
1069,09/02/2024,Fri,3615.9,4500,-1068.58
1070,10/02/2024,Sat,5378.23,7200,-445.12
1071,11/02/2024,Sun,3230.5,3500,236.61
1072,12/02/2024,Mon,3380.57,3200,20.69
1073,13/02/2024,Tue,3628.32,3300,-1034.09
1074,14/02/2024,Wed,4679.65,4300,1349.59
1075,15/02/2024,Thu,3681.18,3200,4.62
1076,16/02/2024,Fri,4875.73,5300,-898.83
1077,17/02/2024,Sat,6066.88,6000,97
1078,18/02/2024,Sun,2345.43,2300,141.06
1079,19/02/2024,Mon,1913.84,2500,-924.37
1080,20/02/2024,Tue,2410.17,1800,92.17
1081,21/02/2024,Wed,2107.9,2500,-981.98
1082,22/02/2024,Thu,2389.64,2500,-965.45
1083,23/02/2024,Fri,3081.6,4300,-1664.36
1084,24/02/2024,Sat,6461.4,6800,-50.73
1085,25/02/2024,Sun,3597.92,3400,754.16
1086,26/02/2024,Mon,1944.26,2000,-632.2
1087,27/02/2024,Tue,2081.4,2100,-784.6
1088,28/02/2024,Wed,2698.84,2400,13.14
1089,29/02/2024,Thu,1966.98,2600,-1071.22
1090,01/03/2024,Fri,4988.95,4200,242.08
1091,02/03/2024,Sat,7405.89,7300,-375.84
1092,03/03/2024,Sun,3556.27,3400,239.24
1093,04/03/2024,Mon,2381.08,2400,-31.13
1094,05/03/2024,Tue,2111.27,2400,-294.12
1095,06/03/2024,Wed,2329.83,2500,113.6
1096,07/03/2024,Thu,2183.2,2600,-1060.56
1097,08/03/2024,Fri,4079.16,3800,-118.82
1098,09/03/2024,Sat,6077.23,7200,-1090.62
1099,10/03/2024,Sun,3395.08,3300,-90.44
1100,11/03/2024,Mon,2105.54,2200,-344.44
1101,12/03/2024,Tue,2369.44,2200,129.11
1102,13/03/2024,Wed,2305.25,2600,-1704.29
1103,14/03/2024,Thu,2199.43,2600,-1840.78
1104,15/03/2024,Fri,4001.27,4400,-340.75
1105,16/03/2024,Sat,7085.44,6800,599.52
1106,17/03/2024,Sun,2221.52,3400,-554.72
1107,18/03/2024,Mon,2024.96,2200,-670.4
1108,19/03/2024,Tue,1719.94,2200,-16.39
1109,20/03/2024,Wed,2080.79,2500,-599.83
1110,21/03/2024,Thu,2618.53,2500,325.76
1111,22/03/2024,Fri,3924.77,4300,-259.65
1112,23/03/2024,Sat,6331.8,7300,-1483.67
1113,24/03/2024,Sun,2370.17,3400,-934.19
1114,25/03/2024,Mon,2546.72,2500,28.59
1115,26/03/2024,Tue,2479.98,2600,-512.29
1116,27/03/2024,Wed,3831.75,3200,359.28
1117,28/03/2024,Thu,4204.17,3200,1012.49
1118,29/03/2024,Fri,4462.83,3800,-520.4
1119,30/03/2024,Sat,5581.37,5000,-1998.95
1120,31/03/2024,Sun,22.53,0,-3294.14
1121,01/04/2024,Mon,3965.92,4000,1163.43
1122,02/04/2024,Tue,3622.59,3200,413.88
1123,03/04/2024,Wed,3346.39,3800,-1138.59
1124,04/04/2024,Thu,3235.63,3800,-1070.19
1125,05/04/2024,Fri,3910.53,5300,643.57
1126,06/04/2024,Sat,6175.24,5300,2278.08
1127,07/04/2024,Sun,3551.49,3400,3551.49
1128,08/04/2024,Mon,2644.1,3500,-1781.09
1129,09/04/2024,Tue,3157.44,3200,-164.78
1130,10/04/2024,Wed,3626.73,4300,-1154.49
1131,11/04/2024,Thu,3507.19,4300,-252.97
1132,12/04/2024,Fri,3408.83,5300,-2086.18
1133,13/04/2024,Sat,5082.84,5500,-191.58
1134,14/04/2024,Sun,2046.7,3300,-1522.47
1135,15/04/2024,Mon,2355.98,2400,-55.31
1136,16/04/2024,Tue,1856.59,2200,-413.5
1137,17/04/2024,Wed,1881.42,2500,-609.16
1138,18/04/2024,Thu,2361.48,2500,-247.76
1139,19/04/2024,Fri,3170.48,4200,-1134.26
1140,20/04/2024,Sat,5147.36,6300,-1127.72
1141,21/04/2024,Sun,1887.94,3300,-1226.48
1142,22/04/2024,Mon,2060.16,2300,-622.48
1143,23/04/2024,Tue,1702.66,2200,-451.06
1144,24/04/2024,Wed,1928.71,2500,-420.34
1145,25/04/2024,Thu,1956.8,2700,-1031.32
1146,26/04/2024,Fri,3906.16,4200,-163.78
1147,27/04/2024,Sat,6960.27,6200,974.93
1148,28/04/2024,Sun,3019.63,3500,-1073.23
1149,29/04/2024,Mon,1863.32,2200,-2036.3
1150,30/04/2024,Tue,2172.83,2200,160.46
1151,01/05/2024,Wed,2206.89,2200,490.9
1152,02/05/2024,Thu,2475.59,2300,177.4
1153,03/05/2024,Fri,3453.83,3800,318.45
1154,04/05/2024,Sat,5178.55,6000,-816.15
1155,05/05/2024,Sun,3575.31,3800,1163.93
1156,06/05/2024,Mon,3513.74,5000,-1549.29
1157,07/05/2024,Tue,1127.24,2000,-1133.52
1158,08/05/2024,Wed,1922.87,2200,-434.44
1159,09/05/2024,Thu,1960.65,2200,-141.94
1160,10/05/2024,Fri,2398.4,3200,-469.97
1161,11/05/2024,Sat,2738.95,4700,-2011.69
1162,12/05/2024,Sun,1795.52,3200,-1211.4
1163,13/05/2024,Mon,2019.58,1988.84,98.47
1164,14/05/2024,Tue,1532.98,1890,-273.75
1165,15/05/2024,Wed,2199.94,2285.5,-198.92
1166,16/05/2024,Thu,2193.7,2286.43,-27.98
1167,17/05/2024,Fri,2943.08,3478.3,-527.84
1168,18/05/2024,Sat,5251.52,5168.33,681.99
1169,19/05/2024,Sun,1933.02,2287.58,62.89
